{
  "traceSentence": "The cat sat on the mat",
  "encoder": {
    "tokens": [
      "[CLS]",
      "the",
      "cat",
      "sat",
      "on",
      "the",
      "mat",
      "[SEP]"
    ],
    "attentionMatrix": [
      [
        0.026486048474907875,
        0.08373924344778061,
        0.07329943031072617,
        0.08783230930566788,
        0.03555632010102272,
        0.07150449603796005,
        0.12746398150920868,
        0.49411818385124207
      ],
      [
        0.0997176393866539,
        0.05042286217212677,
        0.07973373681306839,
        0.03562457114458084,
        0.01871235854923725,
        0.02153645269572735,
        0.06559978425502777,
        0.6286525726318359
      ],
      [
        0.03444373607635498,
        0.09683742374181747,
        0.0453801155090332,
        0.026158420369029045,
        0.013140540570020676,
        0.010892125777900219,
        0.02860492281615734,
        0.7445427775382996
      ],
      [
        0.060187652707099915,
        0.04871448874473572,
        0.12997229397296906,
        0.025502072647213936,
        0.034393202513456345,
        0.02659357339143753,
        0.05629201605916023,
        0.6183447241783142
      ],
      [
        0.05146859586238861,
        0.046360086649656296,
        0.06910006701946259,
        0.21572159230709076,
        0.02937919646501541,
        0.03990471735596657,
        0.09990622848272324,
        0.44815948605537415
      ],
      [
        0.07865502685308456,
        0.05111624300479889,
        0.0746721401810646,
        0.089508056640625,
        0.10276299715042114,
        0.0438585989177227,
        0.16776089370250702,
        0.391666054725647
      ],
      [
        0.04043692350387573,
        0.028352579101920128,
        0.03651485964655876,
        0.045256227254867554,
        0.060214266180992126,
        0.058856379240751266,
        0.03824836015701294,
        0.692120373249054
      ],
      [
        0.016891587525606155,
        0.01040016207844019,
        0.008899307809770107,
        0.006683346349745989,
        0.004907702561467886,
        0.008157337084412575,
        0.009771736338734627,
        0.9342889785766602
      ]
    ]
  },
  "decoder": {
    "tokens": [
      "The",
      "cat",
      "sat",
      "on",
      "the",
      "mat"
    ],
    "attentionMatrix": [
      [
        1.0,
        0.0,
        0.0,
        0.0,
        0.0,
        0.0
      ],
      [
        0.0003823214501608163,
        0.9996176958084106,
        0.0,
        0.0,
        0.0,
        0.0
      ],
      [
        0.0007818135782144964,
        0.4559803903102875,
        0.5432377457618713,
        0.0,
        0.0,
        0.0
      ],
      [
        0.0001475204771850258,
        0.19524890184402466,
        0.6686705946922302,
        0.13593287765979767,
        0.0,
        0.0
      ],
      [
        0.0009405974997207522,
        0.2750420868396759,
        0.24120207130908966,
        0.13524982333183289,
        0.3475654125213623,
        0.0
      ],
      [
        1.8700908185564913e-05,
        0.0814465805888176,
        0.6424568295478821,
        0.08845598995685577,
        0.030840998515486717,
        0.15678095817565918
      ]
    ],
    "headLayer": 11,
    "headIndex": 8
  },
  "generationPrompt": "The cat",
  "generationSteps": [
    {
      "step": 0,
      "context": "The cat",
      "distribution": [
        {
          "token": "was",
          "prob": 0.110362
        },
        {
          "token": "is",
          "prob": 0.072986
        },
        {
          "token": "'s",
          "prob": 0.047477
        },
        {
          "token": ",",
          "prob": 0.034982
        },
        {
          "token": "-",
          "prob": 0.03464
        },
        {
          "token": "and",
          "prob": 0.025446
        },
        {
          "token": "had",
          "prob": 0.024212
        },
        {
          "token": "has",
          "prob": 0.023099
        },
        {
          "token": "aclysm",
          "prob": 0.019701
        },
        {
          "token": "walk",
          "prob": 0.019164
        },
        {
          "token": "fish",
          "prob": 0.018021
        },
        {
          "token": "ar",
          "prob": 0.010802
        }
      ],
      "greedyToken": "was"
    },
    {
      "step": 1,
      "context": "The cat was",
      "distribution": [
        {
          "token": "found",
          "prob": 0.051008
        },
        {
          "token": "taken",
          "prob": 0.030161
        },
        {
          "token": "a",
          "prob": 0.024745
        },
        {
          "token": "not",
          "prob": 0.018598
        },
        {
          "token": "also",
          "prob": 0.017782
        },
        {
          "token": "in",
          "prob": 0.015204
        },
        {
          "token": "so",
          "prob": 0.01479
        },
        {
          "token": "rescued",
          "prob": 0.012683
        },
        {
          "token": "brought",
          "prob": 0.010225
        },
        {
          "token": "released",
          "prob": 0.010035
        },
        {
          "token": "still",
          "prob": 0.009571
        },
        {
          "token": "the",
          "prob": 0.009422
        }
      ],
      "greedyToken": "found"
    },
    {
      "step": 2,
      "context": "The cat was found",
      "distribution": [
        {
          "token": "in",
          "prob": 0.145368
        },
        {
          "token": "by",
          "prob": 0.082845
        },
        {
          "token": "dead",
          "prob": 0.071894
        },
        {
          "token": "on",
          "prob": 0.052831
        },
        {
          "token": "with",
          "prob": 0.038596
        },
        {
          "token": "at",
          "prob": 0.026986
        },
        {
          "token": "lying",
          "prob": 0.022923
        },
        {
          "token": "to",
          "prob": 0.022473
        },
        {
          "token": "about",
          "prob": 0.015512
        },
        {
          "token": "abandoned",
          "prob": 0.015243
        },
        {
          "token": "near",
          "prob": 0.013422
        },
        {
          "token": "after",
          "prob": 0.01259
        }
      ],
      "greedyToken": "in"
    },
    {
      "step": 3,
      "context": "The cat was found in",
      "distribution": [
        {
          "token": "a",
          "prob": 0.321124
        },
        {
          "token": "the",
          "prob": 0.242173
        },
        {
          "token": "an",
          "prob": 0.05145
        },
        {
          "token": "his",
          "prob": 0.040731
        },
        {
          "token": "her",
          "prob": 0.027923
        },
        {
          "token": "its",
          "prob": 0.01864
        },
        {
          "token": "front",
          "prob": 0.006599
        },
        {
          "token": "one",
          "prob": 0.005732
        },
        {
          "token": "their",
          "prob": 0.005197
        },
        {
          "token": "June",
          "prob": 0.003659
        },
        {
          "token": "possession",
          "prob": 0.00357
        },
        {
          "token": "July",
          "prob": 0.002995
        }
      ],
      "greedyToken": "a"
    },
    {
      "step": 4,
      "context": "The cat was found in a",
      "distribution": [
        {
          "token": "field",
          "prob": 0.029531
        },
        {
          "token": "wood",
          "prob": 0.021043
        },
        {
          "token": "pool",
          "prob": 0.017916
        },
        {
          "token": "nearby",
          "prob": 0.015653
        },
        {
          "token": "small",
          "prob": 0.015338
        },
        {
          "token": "ditch",